Property_id,rent
4394,477.45891415425785
2338,606.4118745864313
8531,687.9123674811982
8952,342.874870194736
11064,258.9429478618304
10336,662.9069360977452
12954,862.5148947595883
219,355.917094069359
1599,542.4391302652159
7572,452.56009629731955
170,686.4671099213547
6658,358.88706405770705
3616,397.2656875652632
7772,384.5509495849074
1214,594.9591681939125
8197,463.4861845465584
9892,309.84942859651153
1635,947.4556494177289
7403,1058.8552839394945
4468,334.9794553511476
13081,559.4033666382531
13917,245.44599191451
4049,2041.3061230140106
2145,289.4738099088579
2125,749.9996114399132
1580,475.7302167791239
3828,854.7158192134661
10858,455.20430835708
2999,784.5275429821414
3834,861.470024635538
11267,482.25017297942554
11904,830.279175097106
5514,565.6807970088091
8697,193.62240069981357
3466,521.3419305583514
8217,912.0824716012247
4230,287.4814269403576
10598,255.36690062791894
2920,537.789309052567
328,510.9844501686704
10668,811.2157370889056
2911,367.7268182709202
5039,595.480184794144
7590,366.94354984439667
5757,336.6112084851486
9697,524.0597941637725
3859,1060.9610930585
11365,746.482071421629
1984,439.9325430183188
6033,651.8628040451492
10816,214.7016244597115
11981,654.9617663917958
7883,373.8966519810718
6166,351.193635685993
7769,425.69736269694386
8087,316.1483413251273
5504,409.3192072141832
11853,415.16176333667477
7768,251.38419213051293
9232,265.41937467676206
9695,721.8453822628329
7477,790.3497281632713
12232,616.4339705981064
6795,382.4781676425656
5624,421.05345455094766
3600,534.0151667474418
11199,377.9507823929374
3681,687.8821618851141
169,723.7651389817265
9531,731.8317676963159
1329,1258.8891159073735
2237,161.3799766027753
1079,528.8778296150862
8500,1128.9455084431863
456,497.9293582007534
8010,1056.215769262519
9407,294.9493312751229
9538,296.24914840086444
3015,368.04249015052864
2583,397.9379394505455
10125,350.4238774366181
11959,424.8998185734664
4878,780.7261621579478
10070,380.4806402088789
7151,141.3336779970234
736,452.767141196145
12765,1081.3158387358137
3480,111.94841318017237
1800,883.5804182449507
3602,818.1182693738984
8279,1012.9133561474168
12788,361.6583398263634
3572,518.2638278476812
2925,321.7569484422723
2620,783.9067745490584
1924,702.237400775189
12650,425.5172876932085
11699,614.5011847090764
4297,467.81542769666623
12435,432.6244831811192
4092,336.5932134722641
400,253.83119005117928
4801,528.6350411610994
11378,485.7845042712839
8328,1198.010047553316
7808,300.95997567646856
13578,366.12631488629495
13020,158.56998882950947
6346,834.2478875498141
3014,405.6635515233833
8117,289.1900343753072
7525,390.4139275780452
13577,226.99807038288455
11472,246.2904214923064
9461,472.06395708162347
11815,304.1918184948136
3345,598.590194908156
12663,1437.6972748775681
13302,531.2393147597871
291,314.2515242594964
8240,787.2232909687116
13184,458.11973637849195
7310,286.09015466044593
2819,262.77638325267594
3406,406.43577318243933
3543,357.13128894903724
8359,396.08673959859897
1689,517.6562961180741
11850,251.83219824487725
11018,616.958599039758
6426,293.54682347978934
8280,520.9523226037072
7568,356.7022859237113
8539,936.0047909931026
3032,393.22740038018776
3596,367.06137105271335
7597,1359.320475555418
5730,243.73648226556924
13214,215.67014647188293
609,432.11661133207195
7751,1562.0645962834258
12177,506.1086372043217
9623,405.0519184317822
13033,191.52787297632116
13331,342.5282876192349
6196,809.6236713479392
5480,1222.8529362722497
1845,348.08641522524965
2770,679.6189880668894
8251,427.06390635487156
10862,499.48123594083904
1744,531.1704701097821
9367,1079.1426416189388
6089,1441.5535742594964
3618,364.164390109152
10180,307.1583120745049
11445,495.30702930382967
13836,254.11086738516912
4100,538.6537345709919
8744,527.6055869723002
2068,416.95562155376547
13015,540.3390963939001
13960,236.6189447630757
13336,381.2621688523414
8456,1484.194640946579
1966,634.165757384232
10748,325.78706624612596
11370,342.4013042591587
9658,1345.30927284824
8694,306.3740662210878
12832,760.2636291457878
10698,1236.328652116653
13473,660.2089354840109
2994,531.1927702176738
4169,351.35406932245024
10428,141.6751873541798
7920,392.4174449768761
12383,346.317880251008
5072,588.8352344656457
10872,536.3977818167548
4463,458.4424943907241
5652,448.47185401468346
12837,514.8315046610305
12713,842.1135180421217
10292,212.10747323587486
11431,352.1321235320775
1963,357.646597629601
1770,248.12493042582634
11403,827.9447133439196
3996,429.1718701594242
7925,500.8081798839091
10045,1180.653740525933
1958,344.9808675901749
4818,404.79596598670145
11355,210.40040482547792
6076,870.5712727481211
8075,748.4037763274074
8871,1285.4192872857113
4266,242.538176712759
13205,908.6875322211624
12256,244.2887312329531
3647,684.8523683155407
11286,673.867894589132
7454,267.8289571216856
10121,535.5918444271608
12063,738.7940864116964
8939,496.12730672255697
8643,302.7401247787649
733,414.349388275995
796,440.7594389035807
1594,615.5307076955611
7429,751.2941054476385
9090,280.68371141445783
11220,364.5544432597823
5835,521.6620272926019
10035,667.181090769029
411,244.0397067549947
2120,546.5433437174836
10640,585.4155414318291
6097,1092.853238424367
1922,467.69737284647533
2141,471.0102534935084
3856,686.6190387402037
9726,288.10933030996983
12157,489.6678961650542
8927,555.8578888339963
1490,641.3311946291747
9026,341.8151159418347
11508,409.1029742637388
7766,363.24014228917383
6866,527.2722119904724
8487,468.31557712892607
5251,959.7863724246413
3692,1224.6096309308264
6552,737.3265749149476
904,823.2349894865739
12219,312.6666988473934
488,354.54549902704684
4163,450.497082225748
14011,387.5668678427017
12246,332.13165222924744
8911,602.1507574447179
903,301.0220907374065
2013,1210.412048049559
4191,253.29012718403263
4862,359.2753952403934
5229,374.61063284788753
6105,404.6899464310376
10445,823.8557254180635
15,490.5389486182618
3593,1088.3232673807076
7029,305.37532014279833
13066,763.0304041579216
10751,449.906478926085
10466,521.520778294008
7074,635.357132443566
10672,328.4699137762824
9108,246.30602121649667
7915,568.8473332320268
13147,344.1116132800633
3223,517.0183148081783
13807,577.6068292606531
12173,257.30309970602565
6585,437.56636189841896
1517,1254.4575236761598
4521,336.34998485129154
3208,417.7444785571713
2457,350.5824622180581
1359,1299.9905021851832
7439,1070.0009136922436
8792,360.2433371067048
7229,631.4538475421385
12797,742.9425150695291
6456,1022.9428564892853
8077,168.10377660368104
2035,195.87592311769916
9523,478.10523737784496
1347,417.9217937861418
287,438.2395302559562
9591,1118.5800534325301
3523,656.9582193260599
3209,536.7040525422345
8424,671.3237590547585
8463,165.00559267689619
3479,693.1611760361986
1108,845.0191010722385
3705,322.8040998751246
2361,661.8744733610931
4994,1303.3528912030004
10307,298.4467884487138
2311,521.6107399017367
10194,300.96764649939115
7692,641.0596260491837
5764,373.13307373744806
1748,814.7197747767509
2632,483.63112805857264
7110,496.3461825344273
9882,473.64399952362874
2693,1059.798590789027
5640,285.8597531898095
13432,267.0300990871257
10257,357.78491267503193
10033,421.7003576568746
1581,609.7339816939244
9024,376.00283907177965
1663,612.0779586348459
9764,978.0011081695092
7641,1220.2878850679178
8622,1092.10709884091
4906,357.6203671436682
354,618.6962984045559
6303,1879.256795913589
5999,968.4763711328457
10158,333.0983439030367
2958,628.9495356457682
3653,769.639453245754
1796,301.3789582085905
12426,371.73356833490243
1607,520.9557674450846
2715,489.3441564414149
10401,337.6117517708597
2590,350.00020932426986
3380,444.83273399255864
9192,342.15705928311525
1990,120.14709646965646
11233,278.1819267751856
13631,640.6867292241989
8566,841.3570536522599
14058,711.6637596306294
12277,801.0030621721291
2110,369.0800477316687
4166,527.6029236513324
6553,501.1783488733393
4190,390.7979821999685
10711,534.569347469523
1419,403.6008538893124
174,465.51511580326246
7609,382.5561466536446
1784,1314.8208332939098
9775,1383.215475042299
7475,198.50644000823823
3679,809.8642523525946
7638,480.34119516063674
6576,1672.8905502624764
4510,473.74664923450797
10141,707.2686594051611
10236,427.1080845978952
100,526.7815613993337
7489,461.7894536501865
1698,440.0153932880758
6957,289.25239810565404
3777,511.46653288792515
6974,375.22381743899143
12804,413.81107642340965
1723,1265.7065569520041
4503,465.9218412977318
8305,398.5834037773345
837,753.8272902745102
12656,316.3006572810563
8028,397.9262855700324
10547,298.5364473688325
6715,559.1938940014754
4046,1199.8608645197676
1062,323.30984991683306
7628,570.5815117191931
7497,1003.1185680354336
13167,724.2815788492446
5728,346.7679294451872
8743,819.8075005016327
11170,1039.810669939273
7502,587.3462640828199
11062,836.7567913503465
5207,538.7379581889857
9839,295.9422861272126
10889,377.0368439937596
3419,1407.9911457233463
795,396.50020004586
1535,367.9596673030118
1040,590.6955890803786
5002,562.0555297384552
10696,538.3300976960079
11125,706.5799290309627
8421,721.8337550738381
1618,577.3541989098474
6400,422.12427517094915
8483,416.78015601966933
9163,1009.3938660788524
5036,554.785325370249
8673,447.5066847929211
9229,242.88827470100398
5445,170.63569726516099
6910,950.6689653258496
281,1119.2371984134647
1115,342.150926444795
773,305.6448002453073
709,416.10118568205047
13288,814.3165860903509
10826,228.3461975117127
7317,790.9189526477579
12448,341.7887885159548
9162,406.47666038007594
11877,142.20987015428776
3704,312.985336363277
10435,324.0483737383312
2875,451.53669184458244
5427,423.74380760545614
7823,458.6178351780633
7158,484.8200970970518
3446,316.0021516581431
12483,419.597323133375
12967,678.9538031726826
978,442.25980968788554
4401,190.24250310526435
32,912.4822031178865
5340,339.67567485112687
1576,447.12539023553927
340,483.7215148526339
8779,458.52632635680743
11735,368.6707268399136
4368,288.8033141145568
6747,1259.4354667783969
2086,320.0162115802097
11243,330.0789341627464
7554,1197.513664068199
6299,481.4837072720561
2496,1512.1581988900002
3956,500.15762365453674
3939,314.20443555728457
11014,169.766537358941
9631,282.59108655847274
3515,294.19698855107964
3342,597.8181634588002
469,2533.6939639780435
12488,252.81384456766773
4465,1121.0365719370634
11219,530.6153327402974
4342,535.6389907706279
7982,413.1319492158363
6302,475.9147140582235
2975,405.2390771686875
103,1045.4626975539613
2202,240.00960514803717
3781,455.4213294690981
6462,698.5940717419408
2460,515.5359885468889
5217,284.36572042196866
3920,698.3650845029806
5372,116.75502757051078
8288,363.8790952649373
11709,393.8483360651415
2440,176.29565176226103
9103,714.8458272175509
8467,815.4105915410946
10494,254.1309464729861
6070,231.50445980277954
8766,396.4869744557505
5748,661.2679929492565
9244,462.341922405297
8630,280.06954844839345
14047,492.5232901750844
8508,570.2765985093922
7259,702.946462878347
12605,357.9521196278162
9945,519.6178505545508
9380,742.6901481844103
6202,1584.4544296120207
3786,908.7625385317907
5660,371.0799747237577
9465,523.6682535575025
12190,339.58916165875274
3026,734.3490580281491
5913,900.4486143562895
10260,1208.3091580594464
4639,444.3333523663381
9728,429.21333688122087
5141,987.5963421731315
11319,472.46907940704784
8551,1823.669481373615
5080,451.00798253309966
625,507.12538415006
7137,544.5233287322317
5923,551.0271316450359
7255,298.68413308118625
12729,238.63135564517523
11108,1153.8096662243136
9460,455.7017631490672
10535,428.50239931419884
6373,412.5014025794847
11851,433.31314955460914
10586,974.8352312642826
6344,436.23361659298484
10145,1265.0150457953134
1769,242.77360112947187
6903,845.4854487945353
361,1051.4417920542771
4605,522.2395635063701
13937,277.65468005375476
10086,347.2652201378402
182,135.55825335438087
3025,372.19219079407
8560,821.214731691004
748,647.8848417290201
2535,314.06935410937126
7969,965.4901393041099
4964,616.4995427068843
3822,638.181503837701
4044,795.1241501439141
4353,1355.6485828260243
3951,572.414521661677
4065,632.1088900841552
12610,372.7081354519604
1890,264.9561762426118
4402,306.1559113034017
12208,761.2616056397653
2929,403.0328564860569
1112,346.1935922637042
6490,662.372586992201
5847,450.12706192352937
6193,373.9710650464218
1563,477.6853328699054
7145,1561.7804557042336
12933,392.21212228783855
11962,684.6421926425783
11555,280.8320840783798
12285,552.5966075353023
11515,452.2270380964985
10702,1573.4898158892015
285,458.5739281159391
11725,1097.8014189489836
13061,548.6166655516389
11201,392.2427404291913
2502,243.4889104552756
12251,437.9486837886849
1262,315.836317270743
6235,1833.4826759987295
10058,489.5688900273069
9774,1205.8637272310266
7059,946.7634667780619
5965,413.11703116635726
10779,958.5665937376458
3300,607.3842775308096
1715,568.0671478669296
4751,369.1831234808043
9417,1042.3433361129235
13150,402.58384765516024
10079,1337.0329996170199
5174,272.28210254676947
12856,735.7189044927563
10664,889.4352514507276
8109,232.4772052027345
11056,613.5359190058622
11180,253.20080189462942
3144,258.5463330674366
5921,418.5266112434727
7277,240.39230697055396
8247,639.6083116136515
11942,367.5014074247717
12160,349.1651728026007
3001,395.49322152379335
10018,287.3026505693332
9820,487.41584948228433
13525,422.6710406784372
2118,398.13755958748527
2484,245.65331692019691
2910,952.085958317762
5033,916.6311038151373
9258,391.65567458860687
11002,568.8035957144011
1494,447.07313156818884
2326,269.153787462428
7865,535.7279417057294
2082,391.22211521335555
12487,673.6693732414936
3892,1808.8695451670715
7513,355.48647051022135
7384,494.8524640896161
9397,634.9752538534791
12295,278.2665503125664
7860,662.8485409309546
7713,355.986142788667
1531,380.49156784099284
13319,227.17075558893032
9640,1461.7862798291892
4314,329.8610695415084
9582,453.73821127663007
10192,1061.7893809380962
7646,309.71323961480215
10080,862.1087853615202
4694,283.95654319445356
2184,356.5303352761368
14020,694.6078236780157
8375,372.18319122154907
8654,224.0305122819259
7964,480.1383772965036
6148,721.6110302924482
9702,1004.2173380335
451,383.7740088640429
2936,501.23753602510624
12767,498.6961808339422
13158,649.0169152570661
9962,298.2769844032515
2520,379.5699605643675
13813,182.6743680443397
8746,1215.5803852230445
5063,755.6369975106477
8118,381.04196814767124
1741,599.010403896117
7031,191.69815227514985
2302,840.9176547009046
10666,490.573833404255
2537,407.24218079194407
1612,905.8541322860273
9602,284.63100037852155
7904,550.1853637564083
11648,637.9270748619143
5264,672.5395233343153
3942,1399.0083852828582
1476,1261.6793900452008
2453,224.8851733560313
178,371.7884784113207
11497,306.38470496953204
13095,993.2996359740612
13750,350.972452640791
12754,2027.722633119364
458,302.84419203097514
1011,500.24292649613494
6153,525.1430462552569
2479,621.8203582653936
3888,521.9314597381765
12833,151.24846489942007
64,723.7651389817265
3283,268.15657030192614
971,1104.4062071004578
6378,488.6738491292655
9037,837.2568531464728
9097,1007.2583634295245
13703,383.7236305361806
1248,606.0729143860594
6862,731.43277180562
8181,428.8949086398497
7230,1457.3740232562718
11184,466.9502918878647
2026,342.0696658465311
380,1153.0132485867525
3317,366.58854572179285
8389,263.5227800553968
7799,357.5768522114693
10475,369.97995588420713
8238,992.7988185620729
4202,925.5294519515099
1023,386.0631961039147
8656,308.15776532035443
7307,440.2546153840397
1721,439.608650991518
6555,959.3271799630569
11789,352.6526297370199
5124,589.0457385990442
6843,631.4460131144275
7718,747.2218600540862
6419,1093.2686624378905
3571,399.82523074627466
10203,383.74844003894236
11287,405.20196363880837
12398,379.8664410497614
11865,305.9380698961039
9028,1236.246124421015
9,982.9514063211036
8728,222.25053145890763
5900,1431.5022964154298
4192,643.5299748239264
5007,140.07400155108945
10369,267.5147615239684
4983,768.4025149886921
7055,392.80288938315795
9312,264.77659544352935
6441,469.83532846850113
9533,293.9330460202342
11915,468.93884760774534
8184,282.570272827761
7637,819.8584502341846
5863,815.5650573927936
6626,834.2156759275977
9705,400.01202765590534
8795,330.63525328643544
1767,268.42977698220244
10359,687.3348913339686
7959,363.6207025069299
2821,251.2650964575429
2343,359.55991382091173
8558,550.5295752511979
10373,274.4204049994462
3644,439.0291955103847
7629,350.52930625337734
3185,636.9819346995616
3680,372.7586018983194
2747,231.33242789573288
4348,373.1644408142367
8409,1397.5723292871153
7232,1000.3845072061142
737,468.8661796070235
11312,444.8358075509944
7678,471.71325005067064
8731,319.51513568149903
3990,1161.0545932280297
11059,912.2116255164977
3352,654.7151286082469
2313,589.8360545625109
3852,784.3989399307198
4960,733.3513925615758
9673,139.62255683425434
1054,1215.3785555171073
8170,448.3861194637668
10370,278.4609109893295
3070,1365.6176507726711
7301,426.5191217583657
8869,614.6290661343313
4430,591.1032394032857
3659,365.5012569495376
9021,152.01934438610567
9683,402.5174990568921
10994,1604.9862990628571
1035,297.9347946102713
6244,385.1302124244382
9416,294.81561470535627
8319,584.1969354673416
5838,390.66470250629766
9186,416.1710974990658
12476,478.85309382753127
7309,437.4580665967792
10943,642.9086542344004
9717,429.21333688122087
5911,390.5209959556069
13037,509.1418887158229
10846,240.66889596640442
2705,288.5706155557538
12697,651.8276682389142
9242,552.2025115829279
2610,329.6687988272429
11587,403.292762682264
8413,361.5486697755597
10639,899.2767853612401
6736,1218.5011290632528
885,1214.866976704495
2070,390.0097661585743
2272,852.0634647180445
10006,526.6815560139135
11988,321.41385656470504
7827,1141.7915578721086
5041,434.13074278168716
11710,368.7505253398367
10504,1351.9291234540383
1965,410.30856707978836
10425,1009.7625627850872
11893,1194.6267154287962
2020,766.5600480666484
6330,194.02746976770106
11352,650.631186717435
7073,387.5723871462579
5175,343.78520739222307
3997,618.3479752945801
9153,599.479496198721
2228,333.51611255221104
587,554.8095234126532
9177,321.04637321124466
6500,305.41541648909634
5381,515.4834628966449
5291,384.83401957142286
9394,235.6813902687451
4016,222.3973056134476
10163,584.9066949738409
1740,370.09393523327634
4773,658.8748140361427
9564,485.82857045705117
8519,979.5258608134972
7488,374.14018191990243
12234,309.2451812448506
7869,504.1445060341497
7794,357.5768522114693
9932,366.91502986822996
2268,556.2317194142175
9067,418.39208744210424
12461,310.3640882180617
7667,533.7673399384654
10710,364.30523183871907
2678,445.46672273396666
5573,522.9452824271273
10207,892.8165046579575
8909,523.9703901110984
6724,300.7675789850618
1122,389.66633061496606
12085,271.7198685516063
928,596.2444052505044
11675,607.5324359168884
12362,465.63882839269655
4027,223.63331125454857
2955,941.4825624090217
812,510.6755592877731
1724,1245.0753981101534
11080,274.2807547345974
5460,235.72135971190576
48,714.4816105745498
9487,265.56361087094683
2407,423.9459979846567
12895,1123.632759563755
10499,777.1872089696502
5934,503.6118199761555
4041,582.1359413781031
11713,712.09868936721
11066,328.2203060272712
2088,779.4396094181931
10655,350.03377210583903
1254,400.11797014153996
2271,435.0632924873708
7077,383.76574193578625
10726,428.0092465089789
5889,353.8607520458732
9250,361.90644145538704
9849,248.72595209514563
9944,695.3236169664449
5370,1443.8970252632191
5380,2314.099475204649
11359,561.6496116341389
386,608.9401273279453
4963,295.25597121668625
8628,462.53918929387004
6698,293.9060980999396
4030,438.99005818897183
3435,363.4662717822478
9279,361.90644145538704
3752,218.11102006800488
10219,345.4088087113926
8574,406.033002887897
7146,442.1296555803431
6393,701.7415182135195
8127,328.58213346203735
1271,433.82072223820074
6952,529.5611799588047
8365,403.240045332297
11342,1121.972537004689
750,282.59375655317405
10960,938.6366548870361
9510,160.43172722987495
13356,400.7868061110413
3207,418.7562730766934
3533,339.64982290631383
13948,274.161038923303
5708,501.6677191291188
12477,778.7262490483066
8105,251.03953786429167
8982,666.2117339158689
3805,427.8444031820163
11974,1025.8404033709567
10537,452.2198117576812
4349,566.0745566628655
7682,309.54184999785656
9387,186.30446662133986
10638,1142.798921078827
2767,746.7770771923402
9171,296.0056408938384
11529,205.2396964709111
9187,423.87547018960686
5933,378.65585857875766
14002,389.7555103703805
1454,363.1518416872267
12995,528.7821490614641
3609,314.80574426391433
1226,638.4419234633871
534,499.4228678482033
3112,411.1413615490415
13561,204.3433711502953
8742,942.6151546769714
9750,361.23851895993084
6129,1151.7526222837253
9483,280.10323018989834
9054,1311.3579338402496
8086,561.7250550638511
10112,298.6246764075574
10558,381.0821826924431
2215,516.6841252613127
4660,550.5916643320605
13980,567.8328109032212
1140,371.5991428016043
13659,354.12713404486504
8471,896.3897097408934
474,405.24592215580185
7665,496.2852476457758
4075,292.94395211008253
543,885.383678067442
7579,314.0393428562178
1087,315.70473742452043
10847,506.7714531636276
3222,586.5409079519103
8404,1398.764089918945
4337,215.45535630731993
2665,654.2535407745477
7732,373.8966519810718
9612,929.1325784491323
8148,177.22204359977937
4113,306.2684179789593
8778,309.20102385006123
13524,359.9470725655925
1007,1106.4897398880585
12511,242.57259321982806
13952,317.2708795063338
8891,278.98322696139024
1386,812.7786602746879
6533,369.8718685835507
4149,202.8900677751972
6804,532.4831082050326
11210,966.0441369842233
8274,698.5017540290769
7825,1087.1895656452762
12267,572.7302716742596
13730,249.60028765156372
6351,829.0851447723708
11137,589.2722192271209
14066,798.4610801377524
7318,408.21907022322375
2190,240.85273859876665
13811,194.11541870081388
4247,653.5613225579777
12941,382.43626763590805
4516,1082.811996827599
8128,276.8467165505531
4606,240.78281640996937
3612,350.2229537820132
5982,1215.2804293252302
1351,538.5068845463084
13487,400.8415986278164
13183,426.07034879702786
5529,899.0812899444957
13920,180.49139691271748
10882,560.4939967533655
5689,297.52111642335404
11470,295.17015750536615
11797,274.36622176562173
4507,186.29788254641338
1394,436.2180532913896
6741,325.6178187562686
389,1022.0082312033868
3657,483.00635809584685
8664,378.08495292691566
13620,698.9567107589899
8020,406.1667738450948
1936,528.7529551177918
4665,309.0506550860478
4456,772.7455262233593
3782,1140.0725555479364
6721,512.5617561311299
7820,284.2316194231149
305,376.8224074126666
8803,968.5246751584792
13746,1611.0201382254918
12032,253.01785784755242
312,656.0426038282199
13334,309.25515772473426
13748,329.069238154715
2146,266.75362024714383
3234,562.8942880779401
358,393.34989223974816
606,327.7609374921186
13035,238.32959730833207
6139,407.70215542398887
13847,194.11541870081388
13936,298.61131435701776
477,283.550506518285
9441,477.6821624081984
13868,546.5878186088102
4748,438.4547749823095
4339,541.7449857013005
14060,585.7934401255865
3502,1249.3556881763436
4897,738.6099115790037
6404,264.25597423518917
9555,577.2403432905915
7482,463.4597321485247
3998,738.2700563802167
10403,455.33507481229304
3945,503.9509768142607
8765,919.82235248985
10039,334.1383804095934
3964,740.9516343445999
11807,956.5138088605372
9314,931.5213226967202
4920,1243.6735203425285
5222,415.95669981573207
3194,430.44509299388585
7276,518.7973456348902
1745,819.5724362249249
1660,1231.4182966990363
12548,515.3378509239258
994,378.72927564402926
6885,386.28647425118544
4642,217.8824830403425
11599,433.2707875332574
13563,367.180610100068
6024,1608.6576763871844
8516,571.2695434761882
7656,549.6903612813405
10128,897.8165954620476
11206,442.09090577717785
4105,353.44719393082534
8979,1378.1369234881147
7707,373.8966519810718
249,504.6989659486704
8179,530.6920516745802
13450,413.42460730412813
12846,252.33276561259683
6238,364.6206958510466
697,565.5433051369155
4047,1332.8643714200925
863,341.2481290596621
7268,393.9731024146702
10828,733.5486551271481
2178,400.22055205885795
6177,159.55169505473035
7989,611.3179443222044
1431,335.8293451065844
1321,483.21426418495133
9330,329.1442248510048
2443,270.5543289970888
11069,961.7888589663045
13039,253.9019709203755
519,422.5700885379348
3878,1080.1190985240153
71,1383.963976302076
7069,1042.59934162057
10948,611.2951126143488
3624,480.140433366225
6204,805.1625496768778
3434,471.2133395456623
12103,404.42011224750183
7262,596.3190948510172
4640,417.0657964027401
2663,318.85493420589967
7106,619.1157657584271
42,842.262848429461
2656,1000.9258748926101
2612,349.6529517089473
5804,672.9644006237406
6088,488.841093024915
5147,340.9013391037239
13272,440.3858333718947
1352,486.1769896500537
2040,200.95213711022785
5565,456.30427069454015
7677,976.9508037626712
5383,1691.4291031060961
2849,272.5034456018431
7208,437.39129154807836
1311,451.03279964739875
4107,241.49416520521552
10623,1115.8724633995628
1483,883.6797805508239
1656,310.13849348430983
1945,602.2678025168193
13945,312.3631288688107
5884,391.75424159046423
13461,985.8017119141875
5260,215.54613245078855
5126,836.289048081264
11724,1336.4368278549853
12447,408.344270552356
8969,244.29850551110462
1534,258.0056042283094
7626,381.06522806276973
11530,378.1739050894511
218,379.6546124115535
12371,265.5035551378352
3911,816.0090099335669
8798,996.795394110176
3527,844.5587720442644
2629,359.5274906901853
7043,255.2297747674835
3670,391.69478512781643
12326,194.69390456095567
2596,359.5274906901853
6827,468.29047955986005
901,521.9087610983379
185,446.8965022998732
3017,257.14327784048265
11221,483.9563777269117
11791,362.51829663848156
12139,668.3088283607538
9620,260.90344924752753
11455,631.7315137025602
593,781.9955874260436
5702,690.650898275237
12123,260.3449098033879
3903,1087.760031256824
539,433.43451068019175
12584,634.4154860374363
9878,377.57663824032653
14042,400.05984524085176
11076,1075.9589956121038
11680,390.1609602744954
5554,393.6892030069197
5149,1311.5223502005847
3773,262.0674836313509
395,542.6634001424427
6840,1711.0124258866783
7008,358.4106148768907
8407,1517.3729447474723
9415,491.40667833454205
7661,261.817543864696
4338,1005.2520103241535
2158,442.2022523487185
5197,623.3029174174436
5668,976.5825183701347
2426,1254.8156441282288
9100,262.4197415262279
10008,388.22818071918795
8757,612.3258176271688
5351,461.9450702475812
6217,299.86703224474803
13684,779.1569967077729
2352,628.0848448681901
13875,186.37682317561686
8486,605.9631285482552
13534,507.31910913716735
4619,866.7461203618745
4901,604.2960714239637
10285,238.73854034522554
466,1045.0214975991303
10888,2137.706324088144
114,433.3954282649443
4449,884.443186670995
12948,801.5666765902391
4376,392.49351202026605
10246,942.378637518375
10357,500.5609092344207
36,322.54408965950216
3661,511.39863138315917
12301,310.52442376368975
13157,550.4143528794273
4950,477.6359353886429
8720,356.64576369091714
2324,151.9003572900622
2857,279.3596515224989
13106,1126.8147311290431
14017,889.311043949134
869,346.5760383219215
8758,253.0490796162029
2345,674.1328107652921
3943,1060.8792710969226
9344,572.1012749276848
5461,457.41056423722694
7771,675.4654547032515
7984,263.02409446019846
6347,1002.0449774425142
11733,337.68307586996934
2949,301.5813754196465
3064,1276.8833732609726
2055,344.41069160402367
9698,544.2818168323081
12011,296.73996658763286
13128,627.8877206034294
13908,273.7102405775537
6970,507.50377500701256
1373,392.9618025208602
2022,280.25611520285173
2367,372.0669235626823
6486,306.56388418163743
11837,511.58014468939086
5971,361.1825869059601
13604,458.95765613143436
12066,699.2077058412025
6511,280.71548101868245
9621,376.09156128248907
13592,551.9970781809445
11922,764.0346223687667
11931,643.3137340143968
11228,335.3108863815344
12156,2180.5754629670782
10492,225.92086425977175
11860,280.32390259587453
5717,353.6268350468568
1624,438.98464627395674
10946,484.86315425468484
10331,455.4331789519385
7392,800.7422511940695
7368,253.28809600944356
10782,1360.503204393976
1702,233.5211392445904
4873,580.016434674763
7285,888.0134416821443
2616,950.9976108900847
10910,550.1859985842988
6642,479.40730994601694
13782,385.8121164357119
1027,407.99545676423776
1684,334.20827822704695
9211,293.85787826698
4707,415.7807817987604
10052,449.2337543809563
10602,457.7892100242979
9614,951.7516259210535
7673,854.996785999683
8870,346.43095060674665
1003,972.3197592549512
9472,740.0551114127189
9231,719.9194207230809
13096,488.72112989468843
11657,444.7465166757669
8411,1305.483178008807
1218,393.9190403387994
4036,991.509353637961
5647,2294.769497729537
8002,1586.9819156899828
3211,403.51742606801554
168,470.66378877802345
4058,920.8395216556577
13442,261.71471744392176
7533,248.20515504739527
12252,406.96001386211947
8608,295.20971667962783
4696,432.4648441647897
6390,375.05604585282276
13777,558.175686141616
4340,928.9602336743686
7796,304.6694994563507
2859,631.8294029897437
12119,326.5873690485735
8510,1155.9770464679432
6651,766.659814514049
2532,1120.3163407075442
9845,395.1269543163339
4863,1756.4069770260712
5404,349.3955863734223
3882,387.46141130377333
11282,231.28848155509823
3488,359.43308862684097
3387,307.95376426998143
3756,466.49553253382305
10262,630.9443410314756
2895,439.8318844405338
1200,2540.6337121785427
11110,301.3760538384135
248,361.57394649823306
6128,388.7778130591429
4302,505.4689301005327
7900,255.81345567561553
5513,174.3374782407429
13881,426.472734846662
512,1300.1308868154183
2877,436.6512080644012
8741,251.94396644187103
6180,834.1257428614936
13269,356.6419362262669
13695,458.49797837035254
8910,752.2925850707643
1808,796.9753708408656
12661,446.09260773858034
10467,274.30003702409414
4129,350.13711396056567
8224,472.50015769103834
6655,419.37703260921285
4852,466.65923653423954
11168,387.00726461179715
136,322.54408965950216
432,217.84937964569065
4099,251.67422375820308
3669,392.6825224407161
13843,380.7546389012698
13882,371.1101969491704
2799,460.9583451937184
9841,1013.4429799572549
4418,372.64374012923497
4966,570.065684631573
8130,384.8613316899553
7592,568.8888834348136
4992,713.4997577192462
11256,466.8631541236054
6701,2215.7914624174377
5225,493.4280363014899
5768,522.4217234798336
3577,277.29715897077045
3147,302.05379958507416
7203,417.4362384929592
9859,451.56302446525456
5285,550.2684558597784
8204,457.1213427830967
13049,397.39909304938374
5307,625.1897748149902
4094,249.64939977292346
5226,596.1697095955415
2456,426.01153619683015
13637,475.69374257483594
2860,977.3712527684017
1587,368.29117283492053
9105,634.5306553631439
7943,237.4594706580255
6593,629.045509023953
6483,318.85649986196415
12778,315.78536331569666
938,585.8655867032805
2597,382.64735269124805
834,574.7422705279283
7022,1479.0867777441574
6399,349.89527818773325
9082,433.4017995115882
873,390.0664898152285
12437,533.3358162494011
5407,394.4844436432787
9402,736.4716638406861
1176,1083.5995711011094
10781,526.8215501117
13000,421.2798535440854
4238,431.90734082453764
2677,1540.533978768091
5457,229.8145479197734
6114,394.1370102018799
1084,483.4502963840241
11636,356.739883032326
1685,389.3366803870225
11844,441.2076398979914
4794,1761.526431426278
5932,707.744715501836
412,289.73983849644844
1198,936.5421174160078
1484,1239.9485075139119
13276,312.9669756014569
7448,347.97305461667924
1369,655.3027428407028
12196,239.376107918879
7239,440.6223195316091
6631,404.3551341031996
721,400.36400716870565
6909,471.9084931132328
9144,572.4322721815893
1434,335.407416473311
12253,1222.3081869981597
9469,2197.1977111676874
5791,364.4507939875809
4388,524.794434895555
13017,639.4420574313878
2474,348.9980243809197
9856,985.070455292722
12665,444.2865477989905
9364,144.9157371243028
2702,140.52340740330283
300,344.58595631644664
8426,298.7618530749149
10615,254.99552461992118
7380,1456.9421305831781
4124,487.0327622209291
13825,1391.5445761097724
10346,225.67631876342224
12848,278.2665503125664
1399,624.6536555672053
12604,560.9809241005346
3215,454.8995697727842
2418,346.81420031525454
5937,312.2883513992408
11409,238.21661673698353
6214,237.5209920941822
5382,248.07068946366851
13679,1283.8293080079056
4309,299.02494474430074
1374,139.86775740445702
5247,319.64517471009543
1191,335.86355927940144
6434,1218.0049386900646
10657,1017.5372945322184
120,475.9782540917884
4609,714.4712816450187
9691,892.2233211925792
8078,133.78753518994182
5262,942.5311734089358
11806,493.04601008080186
11117,215.4723736466489
12859,280.0475407173247
10514,419.62060775473
7600,740.5685297676349
9799,423.6975104938263
13153,631.241431541018
658,454.98656874056473
124,1149.5661817906482
7965,2271.751159720196
3335,522.7548239805036
9975,377.0348256672989
13294,479.52546163459283
13949,476.84459383576234
11571,456.30766649000367
11232,741.585294237446
3450,722.9108240586152
10319,577.1976762710439
8026,319.45677220216646
1327,638.607257338751
705,633.735022235649
13505,235.84592782301192
9645,390.4702006809581
11413,253.67251090781298
12322,295.3331939292973
7691,1585.0003737631466
10595,460.0102648203793
2168,1265.8589922311085
151,544.9239747826161
9725,1050.3148887541993
8652,765.1057671527877
3979,412.73290722348696
7061,245.4692163182581
8621,418.1985004169739
6823,567.8365861069419
6551,1270.3797418775146
9895,311.11216783942604
4227,697.9696912948077
9114,308.28322248115404
12838,346.39524128771706
7325,502.94940619926626
12585,337.1434247819801
9393,288.8816422721151
4833,300.12912703157446
12241,1165.1483735681527
1731,1735.7945185190474
3835,715.4563241229058
5569,454.9018442177
2513,353.472720118426
9630,319.2859656789356
3308,324.78848796845574
10975,428.3779580193613
13054,225.78425766319907
1714,518.5894883385865
9316,437.1935755288691
2255,352.5924213110027
8049,276.44220869623416
2100,317.27989685037517
3022,743.9968627304502
2123,703.7339623466571
11336,609.355400308932
6742,238.5650438380698
4636,857.361777545863
9280,267.1082121439911
13815,468.33928876847233
8845,398.1231948978904
34,982.9514063211036
4683,873.2734707525241
13417,519.5102531624248
10389,498.4114488440311
3044,500.80972901491634
4851,655.6819846594733
13071,1057.393846368582
11967,247.9827735712608
4715,1819.545966119245
13728,299.06457392524476
926,345.12608491987265
7894,477.42533708782275
5118,477.7147458372684
909,274.4501074185467
9563,299.0607852895387
8425,420.70902429231637
8012,484.7549046058622
12360,350.1934734893281
10448,387.3935053766756
7587,257.0725594494766
9682,1083.0530305373334
8262,498.18403948862533
6926,682.6287997851158
9977,397.08543185022603
8065,485.06991127084126
2472,691.9663726117501
5997,363.7834369304401
765,474.5808970114279
3947,298.9719832577786
9894,278.3905450682055
1086,507.1068477005746
7802,513.6258858942413
12335,1948.863216366765
7338,808.7873590615795
10965,579.9362184328938
10591,461.9318595709396
979,345.87791180046975
10273,1983.1395109288176
11467,335.726004724395
5845,780.1816714035094
2630,382.64735269124805
51,1149.5661817906482
9146,457.7400136047224
7500,463.06440838933486
8881,276.45246461276935
4537,945.2896980173898
7200,274.6243918858934
9055,390.86343525704166
4330,399.43048848887776
8824,466.459087602476
1409,364.9165139086408
4514,190.07838259104912
13539,246.66657366869933
9846,1092.0515992581427
10418,466.4224117097744
6516,353.7435897024318
2901,298.5899428302698
2216,297.8827103382889
3106,775.2815872987115
10833,417.14385008894476
10009,199.88233284560738
3438,550.7768267113427
6254,981.8565364244564
5961,436.78274506444836
5613,540.002573448832
6978,403.4345784067796
8830,492.4881640823683
5897,333.69075958104975
4106,315.6414404664804
7582,272.1776168899323
1600,363.41845751797075
397,267.56013505043796
6406,910.4800785462271
11466,322.40153372323226
5501,240.94436595089238
4396,591.285319963926
12889,344.2481436183937
2639,647.151408633133
11985,431.5123598673957
7319,458.84458686547924
13046,196.35979175986728
931,134.59114063081492
4739,515.8919493823753
8060,519.2745705362895
818,641.21512397569
435,1703.6551205826693
2803,670.443499339385
1036,648.3587572060304
6127,349.8026759355307
7874,635.9754304109705
6791,232.18726713077936
201,636.7121593116786
6959,380.14780450688573
7854,421.5964141897868
12164,581.3272101901114
12397,442.90026669684596
8601,1219.9313922550862
252,342.58732654372585
612,450.3644754365345
5712,394.49298196061807
1513,590.3876808961941
11917,1282.9077044499002
9412,481.9341154508472
6287,797.7126054308346
5319,2297.7162607024225
11216,1182.221249938744
2627,901.1424095457032
3449,272.7874570387851
3814,329.9107652698439
150,316.8595251760094
10173,339.89020978779416
3412,129.40101250337116
13676,313.26547236409607
8898,1409.6691812327858
1749,332.3997200430604
2010,337.41600515710263
4112,987.7953630647988
8903,767.980702042676
8835,439.8904157966834
1403,550.2319105348334
3560,401.3645679043237
8250,456.28931225772874
764,992.3349161270204
1912,388.427611084183
12144,599.1637153491298
7604,381.7055037329193
7559,487.4293551973903
4692,543.4305822951327
9553,669.8916042711852
4811,394.85633566819547
2233,940.7845610363603
7765,271.77433592672645
4835,193.45696955737753
1651,577.3541989098474
9404,415.0944042686625
5715,392.46849122583814
4193,551.1996320072503
2096,298.32082901684566
6696,330.83859344071396
14104,314.9648256385722
9379,382.2585134498671
11690,734.7198746678381
12336,152.21308078650057
84,255.45498607852758
9707,511.8642531598031
4937,625.1584421821461
6195,401.5612757705893
8704,269.67763510482285
6537,160.23479910423953
12818,760.2636291457878
12473,1691.6041953097272
12906,398.1429648634526
4527,621.5099475927178
2885,343.48225663296984
3205,678.1289381765388
430,192.26920058659533
8938,792.7295921288937
9941,784.6239918702933
7284,828.7209531295747
13666,691.3922535078514
4216,365.535468933927
3509,264.03982841453166
3885,311.4308296074438
12467,878.7499149071334
3520,593.3978865554391
8846,466.2905269931213
9568,657.4784809367223
10932,297.78540748879254
294,709.0238523891061
2449,330.05321719185395
13375,364.11462753736254
10743,386.7252998393539
3195,890.1826373319025
8817,1179.75162199954
638,551.7775259508816
3703,580.30143597279
654,405.8476811302532
2761,998.4568412886471
7443,686.2474087403514
12035,771.0291651204461
5338,352.6692746377069
14057,711.6637596306294
6428,1709.3177457856893
3116,529.1026470055081
13113,443.52396906175636
6012,697.0724247447297
7754,392.99133675713006
13502,344.5047361357672
1954,1452.9600731406633
12188,268.1344789252027
11155,503.35585125629797
480,573.3695948923595
3088,451.2685869685175
13410,1039.2005686511989
7666,561.8496533517691
3579,674.4106063941198
104,679.230762708754
14026,571.251372367825
1158,434.08812379329305
5287,383.43238570311604
3564,1497.9701847661809
1384,535.5281128615575
10929,1319.8257122830632
3448,234.6244568979063
4415,325.314448514323
9246,353.58361534379407
12566,1217.8812341730643
9744,1424.07772034395
648,793.7241030024129
10719,571.1173550736528
13857,436.02844643737427
9713,263.2884890389618
8917,377.60615433441245
6308,383.31667069309765
1458,639.7740973761252
11028,616.8065149787703
10363,486.7903509611082
7882,373.8966519810718
7829,1135.053721788262
6951,787.3787617100902
12522,332.73887656441303
7464,502.36973164147923
5364,395.72307687717216
11456,133.89262670188282
5412,346.23603327887884
5362,1546.2227320597713
9222,260.94408309833767
11884,263.7892122411109
544,488.50415381338706
4097,264.38924523559126
6558,259.46808862699766
3887,204.73682115468418
4784,889.4673753623584
5108,347.9193271762432
9545,383.63528419616597
13942,355.4779885787781
6851,518.2949139213745
5313,1482.9531794887369
11165,298.5760275749338
2134,966.2748498790836
10001,388.7139220040509
4421,1389.5573957620368
742,545.0768114715315
12427,331.77943185988977
10863,496.7655961646496
16,659.4593324702029
9956,561.805849570563
7855,664.3872569727253
5938,168.86917833695475
7594,805.7701642674334
9747,444.4835842580763
4650,430.179637664752
11390,1118.9214667749686
13931,273.83295780165224
2797,334.21154079980334
9339,289.53929743072695
3725,417.4330673944709
4641,727.9025083557566
9261,477.7734463694303
715,626.1198461706708
12034,397.8372076877119
9699,362.20822950270417
2526,658.6404914921446
5077,386.5084783984289
10611,370.0412645893448
3315,551.0570738851264
3373,436.4835182599883
10911,1530.7832202620866
2865,336.6838753266196
2488,443.1693546996938
4246,1686.139930009963
8963,878.6541499666286
4451,692.4256603296446
840,802.8145729863871
2699,319.96380591943137
11896,500.8565743414121
10185,1671.4606691579643
8737,317.4466920026281
4128,1072.3286152174228
6932,332.0856264757211
3699,333.52546317145817
2471,427.0647585930783
2772,404.1397231310626
7458,366.4071454393338
12142,187.0789475520392
745,206.10846162244104
9354,201.9866293545678
5515,971.0591115479561
933,353.8366039828286
1143,345.85911962853794
11796,378.06544920059457
6880,386.85898585139546
12265,1048.4487203011902
6888,297.5732019544402
2486,354.5886161804702
7052,1464.7745070179499
6074,581.0372974664801
13716,248.79387985266135
8966,585.9945879722075
4150,595.5825984206841
8511,617.5721755863597
8642,372.34629240303764
10131,431.8804775780486
4520,221.6628401044006
6282,1712.6381418142785
13047,549.8479351667419
11575,665.2384824739738
531,466.10363509087114
9724,1054.3680374935902
5850,342.77260634596
7601,740.5685297676349
9414,894.4585510083044
12688,1091.4134227363986
7485,633.9985937616364
7182,432.55320250208547
9515,361.76121762345315
4973,225.30594457634618
9897,806.9311929469242
5904,677.4176649626605
8370,356.37624176923237
5441,397.4389900569317
12455,694.682887837219
6670,357.8563165635627
13835,371.93420893258815
7723,721.4719182907008
8061,314.26581530356185
2555,442.802875332466
4116,588.2528751819202
1298,573.4360233999696
6459,423.29147840352516
13930,161.73042675709118
2185,533.365778711508
2129,1045.5143008617151
7657,418.4800822533905
10991,454.5738650336447
896,673.015972545483
7937,214.97420107284023
2985,806.4531104837258
11809,986.5614596341903
13826,236.6189447630757
829,337.0942869771624
8374,1024.0730929906151
5484,549.986801972815
1227,901.5718099054528
6212,173.5343522724006
7308,479.38271076476786
7444,455.7139976246405
6149,344.83647177310826
6811,393.58027550554186
10670,1203.490324948825
3823,655.9658691266773
13508,386.2354784127619
4732,697.0567338828881
536,490.48863948825334
2914,291.72005756087884
4103,296.42689964357186
6992,2778.8151365490025
9911,403.32862558975387
4563,401.03348038077496
7615,531.5474131389839
8693,365.4890892688283
12868,404.2852605906559
9624,431.3730455204324
9925,389.4004651024423
8207,206.22019899076037
3636,411.3144163926609
1179,420.49366415599656
9413,572.2731194713883
9812,541.0784945900751
6085,665.507739261835
6995,349.95645745572915
6261,1856.268679455726
10187,549.7608311225645
2679,423.8951895064427
12930,262.7789463044629
11823,328.7417643571025
1044,565.4075046116222
6826,343.27538875550846
10216,740.3478860771506
3372,691.4388949779338
374,434.48613264733774
11351,522.222540040352
7316,291.43427495801245
10984,934.4962152331578
8964,367.0099632975494
13492,222.7734354553796
2151,299.839893022352
3462,262.64730324820266
9835,722.1914569475667
5858,399.4642448959356
3129,819.3829994888375
8639,236.54848200152952
6608,506.1840972604742
1492,364.2775000430285
11932,803.4844622719417
12858,747.4338266763419
9007,1026.346219062181
20,475.9782540917884
8234,338.88508557314145
7748,933.2222295275094
5682,320.85061043375094
3252,873.824026295103
4437,937.4275013788022
12165,852.7633037848477
4615,245.92740752698523
7521,317.8016574778544
12904,1120.5074551435569
186,521.0209061718568
13934,277.65468005375476
3296,1593.6481925364103
2391,499.5735842240095
8769,966.6576243866015
8405,945.399229095672
8401,242.69093812283808
10727,621.3406562437027
5157,311.2023515317337
10497,196.384895258454
2358,252.2972734347325
5564,300.6790671462679
9076,1076.8447803207484
2992,332.8203279758635
7785,1017.4219345751868
11242,439.18953186993923
4194,777.8840352948179
1985,1104.4028064510633
1471,280.3370966395281
5822,470.95364342559355
5949,531.9362627405841
12006,1147.844589121709
11033,925.6418743160069
8872,608.2222214640072
12998,318.11017941675414
2716,436.5043597193586
5538,301.69330204322074
11070,573.7100698702981
4829,590.2801655141973
10036,443.13911609399145
10330,392.4343251577273
10723,1093.1777674888199
11122,690.7435106232257
13466,674.5430831333364
8482,438.87022887306557
14050,459.25322881636885
8132,392.7857766679396
1237,452.58152416834344
5325,346.9968350490453
8050,185.42637564076713
8084,512.7117371286655
4203,1185.7188577609766
2320,1198.7864405063897
677,733.9926573787981
3291,855.590716439591
5166,675.7487595797957
4741,472.83801634541436
8145,708.77099776546
922,358.565336324178
12474,355.63247471315276
1183,1227.9903488878292
13560,370.1184697926517
12816,593.8091185510709
3018,987.3962460226769
222,947.8062079631158
559,833.3122011971926
1328,495.70059376663414
9980,393.0801632418895
4404,931.1922691145096
3108,1160.8512628116841
9451,327.4397572524669
13905,217.21889426796685
10708,368.3122213594546
2021,471.8365562405831
10421,434.20870296081995
7518,429.3585554709359
11899,396.1472463389315
13048,345.88101203824925
334,998.3134270082282
6206,301.45902519528084
12069,717.8045437795092
6209,1116.7760473311114
5959,601.039600793298
851,465.9613832603254
5720,475.087581507731
2792,500.953438541409
12122,188.9008185556465
4085,297.77574798783996
8629,525.6081353593155
2335,606.4118745864313
4490,367.7006966113884
9352,486.20150033798546
10775,586.0864896489347
11755,380.13236503561643
10437,293.18602866582245
1666,512.5746314930839
12061,802.1073378290207
8072,373.33388493363475
3547,530.9584961703764
3976,451.30773422182835
9643,302.1428166095476
9736,1050.3148887541993
13731,263.1949840087381
725,717.1825560925046
12446,313.3602720127202
8615,576.3959639053468
4399,421.5813023747834
12750,214.81034054129714
13981,517.876961300356
12408,605.9590617627234
10789,540.0312413163883
8659,252.3529764400346
3839,639.7138836085337
4296,690.6514729045202
3821,1016.3563387110219
448,849.6242772853994
7809,1261.3139591638724
1792,1738.2526560681208
9069,354.7497356231662
6158,444.9022260713298
9598,178.8052057196268
4326,339.35556234311827
3170,482.9742501344992
10807,526.3839156631545
7250,550.0282696314249
7992,423.4469756435763
10503,1636.0362444578004
4979,333.6300727742945
945,1116.0527624622075
8721,541.7618841039215
10293,287.57420875874624
1548,266.3251367248533
684,294.4921497855126
3985,508.5764553383157
10722,837.9880955672995
7094,602.7349386243546
876,847.3114055402402
6998,1219.687582104172
8529,333.97491493507596
9967,434.57381352128186
8168,661.9360275112479
12472,289.84084389116134
1316,425.8033068036164
1881,1502.7145526180573
11051,238.51226208568153
2003,723.904771336824
7709,373.8966519810718
4951,610.267815038557
6887,826.7590464419291
3430,439.1242592818125
9086,427.4920281780005
915,259.61706896041625
8286,521.1743605927871
10646,993.1997973569787
4686,464.4784645112105
10780,753.5202763721655
3099,2489.9575639328536
3652,420.7063152404999
7913,298.99619177577307
7135,456.67375304669326
8063,354.92398494846253
7075,513.8484034131599
13714,576.7914709981548
4787,257.1648910702639
9968,582.4660874348637
10392,206.2651149661669
5246,1384.4276121411465
13228,384.9475119981424
1627,373.05419452095384
12414,436.8765613860367
2586,349.32717162934136
2413,197.89947111212805
1238,534.7707903202121
9934,268.82703982637355
6735,643.2635431249391
102,1119.1230890329907
2681,463.9079723143052
1622,582.2663728896831
3426,306.87571260108234
12284,325.0241041637448
3860,356.1754443805822
8166,310.09626852974674
10906,1030.9837110435503
1356,343.5831023637065
980,314.3806121661652
9748,272.2097813433999
5684,568.5621660012292
12752,204.47714305523888
14027,472.0658407405019
3818,1380.9217385764623
1489,316.52057114832525
13907,426.62601424039985
1098,1057.1032286511056
4171,343.63599911640057
1019,419.83077897044706
1154,1223.687986283604
908,383.24616830662444
12696,1169.9643027124112
7306,477.05386495962847
1706,337.9684569716786
1324,403.49525345674726
12359,435.67856147473054
12587,498.11014344664727
4756,379.96776619895206
5968,600.0270588023438
8564,651.0101358509178
4095,427.48560647383704
8036,253.41561686529585
7560,501.01004638346944
4126,603.6595239381897
8108,1100.498452317001
8032,661.0591449311692
10364,385.5937426662752
7093,312.0953963919028
9034,1269.5804517972815
11553,353.8270204236634
4131,445.0739907370455
13477,328.39629244835726
13734,900.5414043834253
1509,562.2527151888094
11829,353.61028568681274
8714,204.433240999811
10649,419.868183877708
5435,881.2806085800664
4239,318.6533279305469
1603,947.4556494177289
322,304.02685083621816
8125,203.5128261517361
5666,1092.02005816256
4802,1151.2927403979108
12643,932.4872014901885
8700,329.6137593200459
6704,1291.3512795560366
10010,187.18317948043008
5422,603.5135117043284
4693,421.11372172352463
11238,274.36911441986393
5749,466.0308528733728
264,806.4604716138728
14091,823.4126466145169
3464,179.8388863439397
9376,126.47876189118098
7221,434.50841127757116
12365,332.4080394514066
3470,713.7559001060832
13115,349.6057023241734
5991,773.1031618805257
13484,421.44314742241136
4455,519.4967683458166
11111,379.381907639386
5272,920.0118559254826
10773,522.4716880856782
13850,351.29815979886104
9241,1311.0621086079152
9809,222.9348783775826
13768,1274.964090402152
9196,342.6615922220545
9594,1228.0160564355122
6358,1677.9147742088312
13191,547.2709198782405
8293,312.05224537161394
8522,408.6631026920227
7564,1303.3566896864718
2445,267.29450540514443
8944,386.625163966621
3329,1031.225862594743
7891,1417.8131016499672
11053,563.0980694659746
12564,413.27675446072686
3423,419.4710373166273
11174,546.0213150215833
7747,1578.8957231789573
7342,357.5676189902501
6884,799.7420944937006
968,163.0742664227663
1946,300.385911624146
4915,823.0940090243781
3289,1916.6661387280465
96,385.29660739695146
10651,378.50298858870883
5665,1414.4791270288247
8369,276.57196358018035
220,350.27794339964584
3132,928.6331725038648
60,1267.2231649967891
13197,370.7400645277405
9432,253.41865908407738
12518,384.5162635265925
10485,671.3738532629901
6190,304.02270966356417
462,537.4230907543854
4769,805.8056411630834
3795,221.37112336044382
11492,575.2265471680978
5596,610.9601241626701
8115,204.88465073202468
10326,397.672376339757
9474,497.41576281458487
6968,862.8533850380026
399,458.6851675133752
13583,293.6424648034047
12458,402.72962100386064
6106,1431.437989499974
4722,707.4208552679917
11660,257.69200415318653
10581,874.1752319009595
13979,437.5072644759148
2309,341.4711965051032
9965,491.5351070558024
10060,336.0988509124499
6632,1003.8761774749634
331,581.4056623096386
1787,506.6617637225618
813,318.27650930399216
1979,627.7065691466148
11321,572.034962103854
614,274.030769119326
1283,575.6882019888228
8290,528.5129732916862
9005,3345.569091490485
2615,314.0220595635626
8258,308.70515592361335
3799,716.3487361250627
11804,198.04933820450654
6753,309.0712572741808
13743,209.73511227432357
10456,556.9368954906208
13181,418.8873836411571
2406,866.386760050985
10577,447.67982397066567
3910,966.8110103600982
3707,602.3297731676378
7050,413.96812596068594
2030,355.53747366351496
13186,213.45400808422153
6334,1157.7464994491625
6878,581.5335393563884
10105,587.6985347429397
6868,439.2114861173397
9782,498.5879472340507
6936,722.384128018402
8399,334.4025878804512
6562,301.3951879288355
5035,423.7276350174864
9210,296.02515969799833
9537,447.7953687498696
6577,851.1160352813395
2752,522.0913571698804
8542,714.2795953880131
3801,329.48209023984873
3060,369.94372258198626
11663,318.52606086297675
7460,792.5027993026576
1732,327.8285077702783
3541,470.07964398071937
12205,361.44800098994904
8992,399.9274911045875
1167,717.1841357522125
1452,399.5057268665554
7589,780.5990658170335
4251,1465.0524260817892
9781,613.3127606956081
3080,353.92354658423216
13163,356.8435046077718
1944,424.7244357837001
3121,494.6561459382926
5509,485.62281206485983
13509,964.0464414135488
1348,702.3337292140911
7585,411.47733590425275
6661,329.1800506450362
9629,665.3875903026573
1209,574.0467104581137
4922,364.31158174276493
425,251.25576831184404
555,361.1666620457416
1955,875.6464180551316
9298,354.28055047344515
8710,196.0318207382013
8937,336.5947558075089
4717,598.771569886796
8362,1089.7365794367943
11073,671.2475682421698
13792,1776.1664336164927
5478,1205.2559118223728
12233,454.54772495638076
5454,399.2319439109042
13373,378.08812011644414
10243,375.9434398079053
6949,529.5611799588047
6453,348.6493205063497
574,1017.8195623771592
9628,1642.4684113601986
13790,784.8820848880682
3091,524.6388436314096
5744,360.43812392849236
11634,317.2338014102517
2421,1211.474720383849
7792,410.7746673105732
69,465.51511580326246
2349,346.89555767467283
2376,233.6953707309769
8813,376.50188706495123
2617,367.0739092872474
12888,350.1743097400348
1596,274.0882705925981
4903,372.1873002579326
7653,547.0873425140489
10242,1404.0298511043493
12701,347.2688426257866
7249,374.62387731695173
246,145.52792198580696
3071,945.9421970635317
3016,1020.1142264604495
2900,231.11057229721587
4004,562.3981444270366
4919,349.1895977254997
13189,360.77171138591643
674,395.7737166546188
4731,635.0676068423425
4871,1106.8077988112962
5020,179.7324926844242
9259,426.03847483811444
3861,1666.5406977175173
13690,357.3737970925015
8918,441.48474588856436
13865,292.8789222704103
2478,599.5045926739107
3949,222.13715950710224
8493,407.86484997041487
8525,992.318016990555
5951,916.0051672515257
2037,400.8739450030607
11188,423.81049446403637
12953,180.95138211056312
10451,354.43029372067974
13374,337.30802489957944
1428,394.314292203871
2808,318.11881890137454
8484,503.1612977800891
6671,438.1597331000321
4949,681.7849281667659
1414,413.02045270987264
115,490.5389486182618
13574,1086.4843985340303
13537,482.07396666623737
231,333.4930461899648
9738,1210.0378687577881
10597,545.8142670693868
4157,781.4851489832552
1521,403.3675157771786
8455,421.0228860811773
215,521.0209061718568
5610,652.7005712640924
9350,467.9890047989823
3257,501.0986975019041
9194,1057.556376309943
6437,403.9726001693502
2183,169.16161755680565
4329,339.35556234311827
13662,471.1581962260671
2806,1231.8649642905725
5643,886.2835899880043
8858,1264.908228117426
2969,262.17009532888466
8541,787.4099889528919
6197,402.12670966996143
6084,386.37863725485573
6828,408.0227080917008
8116,444.78319485258896
13076,1025.436999705433
9635,264.5394204488285
9226,375.07258279673596
1499,568.6110368744502
5849,338.5604560894024
8954,428.2773547342754
3493,214.16199299798714
3442,865.0668347801219
7039,403.9200861239381
12538,475.4086763855626
2056,366.5295360617655
10778,619.2431827331159
2059,366.742272725136
13753,347.369617504351
10165,415.6323182409935
12966,325.6797429284695
13888,222.8787357541523
3693,306.39028366276574
8879,739.6474927257461
12614,466.4495500970372
8702,720.3529043963104
484,488.769565840972
6293,890.379722592924
6216,165.05689661224469
4408,543.5074560424677
7736,328.84555042739606
8747,521.2015476773962
11423,379.2416174064847
8573,983.3680432271211
4210,367.5573869609858
13437,961.2847559748258
3475,775.1221582343276
5690,504.49291199253884
3188,420.4477034515002
5268,1010.5970359853108
6111,1233.5123558107125
12766,639.5767969862254
6578,259.9032657718713
4718,691.805658375183
9936,323.4873536266609
11799,591.6162814489453
4360,904.4459518109034
1415,329.28650401400466
500,719.1439384048009
669,998.5446634076188
7725,386.2694649960749
12415,490.4401728367286
12106,649.5621967209912
3489,252.93658876581048
304,565.0651124520476
5837,639.382515584694
1704,313.320417988263
5023,677.8250835130419
5823,699.4123170913
11687,413.73860177948677
7114,506.682669524896
8532,323.00366299412383
10891,360.3822046709906
8524,1132.5305707234256
5279,270.4368035609496
11782,1365.9341674853922
5129,521.5393860858729
4603,1042.6590076295558
13118,1571.811271784084
12901,736.4605661377999
5196,376.46858762427576
10299,1150.5186779347332
9486,418.0617191490089
2454,215.15314918629073
8777,324.73574426466945
1069,366.07888578934507
13542,1515.8613650136385
10913,1264.8469867138654
9267,414.8902313292452
554,515.8114049787339
4352,222.63028832071538
13159,444.043560235563
13369,180.34618960830178
6163,354.13660805745127
6001,211.99943233951612
13330,234.3410724960523
7234,289.0903331741352
13538,1192.2147952255455
12286,248.85670655562043
12364,322.3042069223135
9271,487.1622133983278
13040,340.03915678940916
421,747.5241414771931
13916,281.01070860740515
9559,959.8920218190042
13786,519.4510415742283
1497,391.69589427812036
1048,655.3758044246748
10941,421.3732792088033
8216,400.66550019467604
857,437.6355414131487
10267,425.7329811407816
3483,421.08704169737445
13533,233.28492909480138
10491,255.68695493504492
9919,384.3793386847748
10624,224.82172642567596
4955,452.16944260555
6867,953.4188189835452
5853,1452.8745379656393
10171,1423.6044499537868
821,794.2675659712788
1644,905.8541322860273
12099,694.0606307139984
4217,581.0092993397086
108,643.0755135654011
368,571.3970791319127
8442,493.5127383705049
8138,617.386731249657
730,1197.455595185967
8268,1191.2778109899427
11602,440.28418832168336
5598,474.7968410739825
7503,1116.572641977577
2389,611.4357536422743
5227,628.2169978331254
10432,272.73005767281666
7753,598.9321554933958
7066,231.09060997040356
9905,373.73704180250553
511,229.70330002716847
701,374.784458658118
13738,351.3018985521686
10484,445.43824825016253
10644,605.7519769010935
1278,512.0075606348931
3734,529.9398693777806
4817,711.622406772446
40,490.5389486182618
1892,509.8668504897302
8763,819.6325368090545
4257,806.4952895687342
13562,317.8035852115469
3316,480.74595688604103
2508,347.82526055302077
13644,336.5473415332619
7599,410.269211734928
1304,832.0349132203647
3102,266.93638854060737
13009,203.141304371856
347,553.6690296740511
7378,1199.4760988977898
11903,647.0649451206632
475,358.24374744938075
12853,515.0317041613946
5872,911.3187381562816
12407,381.0630463927706
4448,378.90618444253874
10042,249.31788982336462
323,374.0470919337477
4661,1520.5146708003037
12910,425.1087913302894
7640,609.3085555586005
13229,367.0914532210568
2817,479.6077572919473
4366,404.12157533249473
972,606.2664205413325
13321,507.0706148191397
3405,1295.3019370480583
11661,447.33275695299574
8485,1486.898259352424
11655,355.2361155720756
12551,408.3269382731878
6062,637.6797431315765
1202,556.4959487490504
7269,473.92789415424477
9958,369.0856961424061
37,263.03019381860844
8953,685.1586978931073
12851,542.5546778980977
13732,321.869526963747
5909,433.63273867712064
9571,260.8667385045318
4561,1015.8527771723905
5710,172.83678546198792
4101,237.78102496696266
12100,403.9355649963868
11520,348.0637459914695
1289,336.6694425304797
13707,268.95187292538697
2401,772.2814587771693
13649,406.5046008133361
6000,165.82287487936173
12497,531.9457673428523
1747,462.6161667290696
11234,1196.9273168342254
3853,1380.0835783981186
4076,365.14466869381414
5887,483.3224214263382
12671,511.60817737534387
9307,378.20685176249106
11217,284.2475314630608
13268,380.1209671535715
7335,885.4642246930806
6331,234.02360747601816
211,135.55825335438087
1951,490.48070677513863
11191,1048.7143957490816
652,368.9908947914636
2207,337.98049309222694
1397,548.0741653841891
9797,308.41746594207433
4815,412.827099995234
13901,359.0664870495551
1671,798.6885482346172
2321,533.8952571375463
1953,648.3175386022792
3367,297.16654619584847
6622,665.2518754672227
13741,205.92086280805
10024,387.7809216765559
9122,221.87958542687977
12819,151.24846489942007
9547,151.2049065122934
485,248.32130608951982
3379,1304.8627041824632
899,438.7797965496225
1733,215.62013359739498
8444,443.420597063423
11050,968.164271444356
7389,1499.7864377335786
10130,465.6854625137492
12079,659.5910981420526
1251,456.8409853195153
13108,478.4712219088585
2436,1537.5463448273902
4405,609.2920771283686
14025,362.3793618201149
11290,1116.0451972935198
12502,460.11477300954544
4020,350.83424133744256
2304,348.1640743886136
5703,574.5437107814396
583,699.4124200460553
9405,520.4331932062906
719,406.9939448778899
5459,484.7028295310724
9773,1532.4422400513947
763,251.55122817266917
5170,278.6652210535122
1871,320.15582611668873
11832,738.9187717507049
5405,348.4192494821078
7196,688.8278038292854
739,619.6641122095976
10945,695.3964208383503
10356,2092.0151584138516
4130,366.5838632309643
13341,406.0120314041387
9793,548.1314133325787
7062,319.60779427168706
10240,501.5167163272213
5437,471.33825776268293
12525,696.4336071471079
9491,1299.1275254093234
751,370.25159496265076
13854,500.45414565839076
7220,432.1565659975237
6863,257.00327347640047
1840,259.41326192574235
4795,723.8549003384738
1276,392.7717814826815
2993,275.59781423642016
12224,124.91482972204447
7243,686.7649347855712
3046,372.8491990418367
4886,798.0979379741455
8058,358.77117358643966
2265,430.4763658120653
6921,367.19029599117385
11545,274.56192190997143
12993,329.34934778947434
8818,284.82482092917104
12332,1110.5958165200007
1370,299.3078619768969
741,651.2738184220722
3066,1222.6661711851682
11631,291.73006118183554
1189,1339.1578774383129
13082,993.6050124792563
5169,217.34077506644795
1571,273.82326217593896
8862,1127.8611257623088
10686,553.3491618812508
2528,508.2970612130638
2128,810.9771498572014
11169,411.28259748515694
6126,375.33041412010965
12623,250.7626492824886
1982,162.59366164408434
11407,217.13162986912792
7607,366.98024523347766
7880,671.0577620309377
13445,398.3163995530158
2058,671.1424621633341
9310,628.7697119376827
8263,866.3211531114528
5770,434.18210545634497
11015,308.21589737930134
4591,594.3817256426925
10893,1161.7182313413605
2880,680.6751545544316
13898,281.8748030984296
2754,348.2418492779038
8723,270.3721175776651
2989,260.2973209723262
4375,1988.0626898693768
4093,244.7366064522595
13151,387.43739578759255
7299,650.900162462445
4220,342.6769669452049
563,442.2473814456248
8001,648.5824647779538
11500,263.5463160590061
641,429.5261596064805
1670,606.0826051037753
12593,341.1489348548458
2408,682.1507818054473
11824,1161.8079882211039
7174,310.0228713325211
8789,603.9031697715002
7632,274.5743572127285
3722,560.5669825878821
9363,1003.9853197166877
13067,953.449028280884
6652,920.4482152467282
10106,448.5979201882647
4557,934.3308837053831
9382,334.2594785572573
5829,355.4082927884141
181,603.4699032910034
8613,340.16563498732296
6756,287.70851491396036
2219,309.9245251658596
10419,1423.023379961202
1956,208.55666317584647
1058,285.6325367268132
12586,767.7800114677453
13206,383.3924254787116
1400,336.6090133027532
13349,425.1567248801513
4948,383.9464696077794
9910,396.0881660714743
5563,587.5369186116606
7387,466.4237699237367
4300,288.3970570993198
10620,338.69952937484146
11086,312.4950116617624
1211,759.5986008875719
11278,748.7238505453684
3394,531.142237614334
2239,338.1133882248717
13976,288.00784131961075
10115,446.88080219782273
7225,440.26912141399555
12997,454.6206273845228
9050,718.7125471275388
4185,493.09963879393683
9759,601.2693320426968
6792,445.444566482396
11366,516.9753245408662
11971,563.553153837914
4702,1989.3093382274578
5891,489.0747611439743
1435,502.3674922801859
14088,253.83116274120817
93,947.8062079631158
7966,363.6156649225357
7079,202.88082036853257
3117,837.7274919208738
10347,321.27343029022745
5774,577.143894705402
12520,262.7645060214873
5533,686.865725217603
2778,305.2024106723042
12442,296.7668290696404
13348,435.291505549579
13833,324.18552231812595
3486,403.0280919483862
11343,412.76521105144764
13632,700.761469561089
12129,668.1441137255428
3468,350.60874799101697
1085,181.72922079214948
13479,783.7191419320574
429,859.9309745209758
4458,324.1870583123512
5432,379.16795032235416
4270,472.7455944134467
9044,330.6970474816046
3648,997.9741478664113
10714,598.95164564031
7551,1235.944586689716
409,262.5578609372119
11461,268.6524706172893
1609,375.15008078334307
5156,299.89376822344616
6384,332.8126556822506
4904,226.40733692974078
4221,434.19478479258686
4316,1081.555756140183
12810,220.32034357410654
2755,419.1428315116602
10688,474.86206094346096
950,367.9711032952453
12680,328.4510600506955
10938,505.67298095929743
8489,597.2831076009636
11317,435.6632027324959
9442,296.73730246798567
11738,995.8012153653432
5910,918.4806797943868
11758,371.70882474799924
6342,565.2994687311474
8385,1109.0872129777667
1692,420.12982085047986
9587,332.14820977056894
1422,348.3706732559017
5560,568.055845476303
9218,167.14114159273834
820,543.2728623189934
9876,338.93260738254804
4872,874.6783159992855
3456,325.9227509666326
14085,273.95936941556795
10557,339.56115974939235
11274,424.52466358455337
13935,277.65468005375476
4063,930.1494947100465
1286,269.0111949301161
11031,874.8309711428925
2928,563.9275519305857
11911,526.3839156631545
13240,1258.2431960906388
1092,635.3487303315836
4304,341.09221185655224
74,458.1391079165095
12724,1486.9477660490575
11291,294.3449955267353
10564,331.5546542626684
5986,259.4953490745541
5776,863.4859364632832
292,392.38599023152307
13498,212.57192372511224
5047,1331.934602457807
10745,782.8297111114526
5100,591.4732087038568
2090,514.0968534479011
6401,422.12427517094915
1802,388.86934477930686
12929,966.3740179570345
3972,375.29415495751266
3695,273.36265931002123
4668,492.133497630812
319,296.0874312773568
13312,468.7462760030445
5221,345.1275071221235
13170,301.83471559089077
4343,433.38017682880627
1826,920.5900815341939
10507,367.4062815220005
7912,528.2565235606123
145,475.9782540917884
12124,179.42971080382043
12191,713.8959905450411
6907,826.7590464419291
11892,330.4996442481155
11488,654.1543861886546
9805,1701.6643729011473
11113,494.00726069847667
10766,456.4374617167022
1831,387.1274182490783
3981,518.1383351143165
86,521.0209061718568
8901,666.4374990924347
1220,349.20366060548196
13391,298.58073251791967
4505,151.97213984463096
2866,242.71758881051036
2997,376.36093775224776
4070,626.3798269744027
11118,331.3051948528433
11574,334.76868646137603
595,855.0776064686856
5184,358.19006584350814
10408,432.1953730239373
10953,273.72743988337226
11913,719.2235111824067
8076,325.48802765498675
13683,1140.1884196032822
13224,1240.019555100598
5329,271.37749287029095
62,1051.400583104795
6956,1751.1453172367526
6602,413.19330802486536
4581,165.29982020795097
11536,289.235909921443
7478,751.4022932374186
11167,262.7486573866355
11656,366.8832314656284
9203,342.6615922220545
10885,300.5898244755378
13998,1292.9123265569542
10019,197.28189211584376
5206,367.0362707097071
12404,457.9746923417872
959,608.9780390963334
4839,488.098106215933
1514,403.38401718739834
2291,208.41607867270218
4218,888.0070681884695
5310,573.013271711694
1480,380.77372393806564
7655,1959.4973453222206
13401,309.8914590765716
6339,706.9428301092787
4672,748.9441862159778
10439,318.9002761801364
2956,697.1616015689974
7143,684.364900400307
9685,367.10871308029107
2981,817.1228007044466
4334,1151.6906214590979
9003,1133.1084015667632
13940,355.4779885787781
11196,1102.8137026213333
10255,715.1955600912543
11888,371.69116048016684
6662,452.66272602055227
12743,523.4247536333446
11101,269.90012726558285
128,1045.4626975539613
10732,222.05307893072163
5107,356.1357745307819
10616,424.305549618632
3356,999.5975643693548
12107,309.9637390169782
6799,801.505281359803
4232,326.3098565608727
12484,383.043652110322
7108,227.5890863739831
6271,490.86229370067724
9351,566.1500914274428
6150,507.612820349734
276,587.6427179844569
9610,1037.6457609613074
13764,422.5635231330184
1273,549.0655395429919
12292,224.75247970546735
8441,468.42630997448265
13819,292.5126947824224
7092,157.22475939375502
1898,510.5514909343335
12657,292.98835942693125
5426,403.93547284953485
7086,392.22537780191544
6073,351.1094188759177
13851,371.93420893258815
6857,319.7317979735805
11040,235.31028807121237
12698,299.18838880477904
2827,343.29497214266934
716,1461.7872580014684
12639,989.3934108374211
4601,357.8179801855589
1119,738.9754491373196
3709,916.7337164854067
3059,980.7868007276693
9403,833.6910754215254
12556,381.3401042033299
4460,384.55961916498586
2317,395.04935995872546
5235,542.8460894742749
12402,300.6711333749337
11901,297.21022566610884
6922,284.2754409313001
10904,263.1766584390264
11909,373.88984483419136
8676,381.3165181378741
11346,747.849346778694
11020,435.68000916358125
12703,255.92610447067432
3012,498.7255884738693
8315,650.1465563921275
7459,236.28133778308245
9989,1400.6423569210008
9309,632.3902778975289
1865,235.34996040004182
8396,1056.4260825466465
2996,446.0740921849239
12041,544.1201312285888
6474,287.4814269403576
12634,978.9466798463061
13575,272.30855659175154
734,813.6691451274999
13932,277.65468005375476
9293,271.86656760761673
2458,253.26643279154325
7531,472.7916632634472
9113,1135.9649209810234
11563,878.618160006398
12194,311.42696303778655
5750,598.4958774837636
12968,548.4508371395592
3551,188.037214266155
9471,683.7522591001248
3711,334.74226620191916
7034,408.2538656676168
4119,641.7574388073284
7603,293.6611780036993
5834,256.74007147251103
4025,415.6177704867566
14064,798.4610801377524
4926,439.58743662806984
6336,1090.076955825535
9000,717.4515339115562
9463,630.7240702121621
4356,282.84623270224705
12780,561.3028583520398
13320,420.3005046755771
3510,1492.4895706863015
6876,1320.6962932613394
4078,232.87147593688735
11635,1087.576227645373
12154,1123.771385431856
5793,433.6859183728921
7304,1315.4062882045052
12161,343.20393202113996
10724,1181.6182833128814
1794,846.2794633581223
1693,631.4011208876395
4258,715.2281955662108
13204,326.1809833779778
6619,972.3707480002695
494,1104.124350714699
13709,458.89660301430763
158,394.1509796218946
9949,491.2780319249314
12338,338.57692699706973
6278,563.9417865973136
6385,454.69061058393163
12607,892.0935943090134
10997,1460.8566084946451
2288,208.41607867270218
6729,287.7723032320573
3845,779.1547118314903
966,467.18145418082906
13736,263.7463874025564
11025,745.9054546632689
2253,710.7142249418597
8194,859.7910692877128
2579,229.88940316435955
439,581.2608092525458
3323,333.45790926641655
8222,140.44107201932684
1615,335.48236651896565
5654,578.7534615730319
3685,637.111659859441
3753,495.22368469120624
12193,303.6519139684766
12185,166.6001482253172
13421,559.2768673204306
468,203.5236447069098
6873,1020.4453325578605
757,249.57725538186128
10968,336.16350330610805
4623,841.4283705187536
2689,961.2976841176824
1091,778.6956587873993
12276,548.0063772211184
10241,616.3067165654548
11271,433.71335348204184
11625,260.79198821269006
7140,1088.5296421390108
1375,252.39464856361678
5273,511.46966974005664
1863,544.388555356719
8980,271.11262279782034
5130,401.77267867998466
3729,1372.7276640802631
11585,237.1619065888435
12320,152.58446607677737
12702,1122.0549391685859
1879,311.4308296074438
13639,473.7123877211686
13443,350.5953882404749
8960,269.3201247510997
1120,564.2152920657929
4485,482.4201661504347
12151,217.42528048889562
3955,508.48063883853393
12732,770.2022113970708
5548,397.08486549639434
11255,1259.8263708754635
10510,591.7858536644179
13279,372.68664873526626
10802,350.6725974788316
12597,859.3080756758696
3077,272.92966283835375
1433,319.1913665357889
11558,266.78934245804516
10224,433.7923508474586
5358,787.0488474801401
5475,593.9312927091029
2175,325.06589250413407
3718,529.1026470055081
2103,1553.8482582405813
4148,567.3518465640988
13514,839.6220171950064
2657,1086.3826000013398
9234,489.5403357506358
1935,489.8778087693396
9248,280.08150708874604
2953,992.8449547946703
10073,320.62669160470557
5816,392.86225739356433
7853,665.5492908621612
6502,236.22874147520324
9384,330.7762186182354
10063,1006.933839520189
10987,131.86781929243358
759,312.41170344470964
9574,677.9174460378844
830,360.6261199913009
3932,852.7902899363115
7329,575.7486367111908
5810,357.5502635805276
5924,459.4018869530472
12294,637.6357650341605
2448,267.29450540514443
11038,513.6208048211712
9237,500.2736105297354
11607,352.2836702675007
8661,267.64362921855565
5557,377.33652797044
10276,300.3566178530934
5590,505.30206802568534
11200,888.9560055504373
11157,316.13426540720735
4195,550.8497352804083
6007,832.1725946308592
11551,145.3492542844169
1460,510.69216255478534
6787,605.684587722159
7541,639.9415306404505
6913,290.7124314954969
13622,420.38813507946486
7334,455.509998769724
7260,299.8736895761355
3078,341.78347480731605
11397,388.1825630460659
6914,1096.6002077770938
2674,1041.6253530829072
135,320.0949735885802
7801,817.8247969062508
13953,317.2708795063338
13211,282.0023373550482
2930,380.13227938411313
9704,1371.1909050239578
3890,641.3470235052895
800,778.3511642938796
7933,357.5768522114693
8129,345.5853313221842
8905,529.8359190735657
428,290.91308907949093
11205,578.7241038603989
5373,765.3914256636307
7508,483.95941229377644
12599,765.8929875504069
7699,217.61353774880513
12619,118.4113543378025
5903,323.55988591037624
1256,637.4906885307847
3276,229.30254730391536
6077,359.43213572482364
8627,167.90918747577874
4882,821.7160903009113
5419,276.04123328886186
11296,1789.341071699721
2319,1160.3874423524521
9920,362.0507223636171
5153,374.6723806988211
8974,1334.6006820241669
3038,842.9390395001726
4830,1708.9766254840995
9648,286.02776908896175
9181,470.76121765408055
4827,557.7000287653455
10821,413.33950025477975
8583,473.9178135707495
11966,362.4967183252823
6946,408.1466741889869
11469,581.1067903383447
3306,236.56578728392864
382,525.5715473282066
9743,1126.457838841279
3528,431.8546149538602
2789,309.7110342894435
13754,424.91061859297605
1,332.554467114022
6597,421.6913884815061
3061,806.7727715338804
4961,569.2068927540627
7733,327.2226257500246
3313,995.8965817216451
11900,358.7129321220647
13282,331.9085053137257
10244,293.94667690886354
7021,571.2001836259175
5406,336.02311262587295
5258,496.4978049368751
7977,125.64380472720661
9027,838.2546398038941
8726,337.2096933098125
13011,598.5468949534231
2019,596.8931174457405
6386,324.82040917254477
13696,389.71449126137867
4954,581.014814819115
6322,503.6875668964412
11141,477.87257258748815
7745,408.6687875872422
5051,448.4075376948948
12617,306.6097102348739
6376,1102.5804155601388
9282,373.8824800353724
5503,1077.0438985770904
13097,270.3345255149506
10147,358.3217322782032
4666,461.16538074373284
7400,524.7991224182798
3155,851.3973356602686
5614,595.21544498534
217,173.27884129963255
5220,438.5852352078183
4630,205.0873192277839
7896,353.7589098478344
8537,396.8091502903866
3922,336.3929614913874
867,295.50665296820137
11666,284.7841790512025
44,544.9239747826161
18,226.986426558294
12374,307.4849014255957
8584,1383.8434698098158
1884,435.86396589117396
3706,769.4825302397022
10155,1497.1589086873278
3708,1080.113669227556
12938,416.6033512293805
5146,849.6076488621496
8962,762.0516455243095
7887,278.763190037097
11928,318.436736622444
8481,548.250557985795
3326,441.2047018050309
12725,393.5340190289616
9617,855.8702368971929
10977,1102.5118290625837
5848,2428.868303436678
13112,1151.0502810372752
11185,521.7375814366515
7954,363.24014228917383
13125,264.9697238466741
5844,360.05143020055607
260,466.74257329523243
9734,151.11941108852153
444,309.310267498432
8655,358.81203714954745
6965,749.40826938862
9485,542.5695600918768
533,731.2742496813858
6919,333.0195478053181
11611,338.2224783435093
10382,987.1735522860109
11361,207.86844948153697
13656,750.4281579089642
12004,715.3417996104738
12946,311.03092109981293
431,192.26920058659533
5679,378.06840948533824
4439,351.6383383573046
2329,1159.281609061094
9729,535.9840736718522
8825,404.48958853594263
578,543.6983720912604
13111,1427.7093020925988
7045,325.09839841331865
8178,442.1263747602552
5187,255.56148752155786
8067,275.07774451314907
13608,1794.7390784930644
1699,586.4833510575208
762,532.4910250758038
12254,267.7301034889144
797,429.1291196840022
4752,471.51129064036564
9971,347.95210780869513
7504,686.1100909383251
6174,1081.9137658635232
4383,222.56985431421765
12994,908.3314851591405
11772,795.3458547325374
11565,609.7471203547699
2547,659.5413830945517
1942,867.3396250622707
4082,412.67660526201047
14059,648.6384787418212
6557,356.54249484627957
6326,429.32261794034423
5438,306.8653475580588
3069,977.0437262721695
10291,272.4265566357623
5839,256.28300050603553
14028,824.0066000753467
7866,291.1722366428753
8760,358.37395504757393
10676,342.77713486845875
592,273.9677422351751
4788,715.7184518333105
9252,366.0042366381506
3298,215.71362688488608
1042,405.798281305639
6904,799.7420944937006
9020,227.28662961941845
2518,264.47347351630333
2222,394.6287420972328
7780,304.6694994563507
9256,1245.9112197431941
10096,451.92122323410393
6301,396.03025593008647
6504,240.34762467758605
12531,645.4390198000438
9212,250.41229066228408
9396,1461.5147820324014
961,685.1422205211176
3590,416.7178026777898
6087,402.43851622465615
11433,384.38230481947636
3774,666.0124698292474
884,455.44544180965937
4547,629.8568806985065
8299,284.1190751314112
10385,1297.1565596512037
9346,1133.8524044569003
4685,653.4017626687189
7526,390.4139275780452
6780,1075.7600058453409
8815,324.47762693673855
11414,366.02307441150003
1836,531.7268351731797
6930,178.27766029832563
7361,435.75763006984636
3785,248.111901399661
8371,182.73754173576896
12957,277.82941529708984
2451,390.18354372408425
12297,375.7759816543192
7437,433.335520988537
11288,1347.8081584941126
5716,529.4012894553172
7173,303.05973190795436
12210,475.8800683261318
6943,1632.6713337391163
13394,798.7437590012833
1161,971.1760594138883
14105,877.3288374976305
8977,1364.4758495023405
12400,1567.9505472121514
11309,430.1023706387786
6211,295.3462088917247
2155,346.32612430723844
1459,516.9765530616334
1207,221.1209960101934
8345,360.2497412063855
11142,386.24212643044024
2743,583.7075945852367
8732,305.4224500285259
5045,509.2913064136002
12550,575.2836199290552
10565,362.749806414011
13870,393.0291761413889
7895,265.42706452374875
4786,626.8375392010287
6168,374.79240028355986
1148,237.22324283727306
7071,192.9998188568374
13590,261.3477674867349
8414,333.3168245128035
3290,444.0464503975403
9480,532.620294517859
12072,419.74026158162366
7800,322.11384558970514
1887,479.6791008300822
624,944.0856765563398
6519,905.7360112306944
1340,370.6779401422625
13947,247.63353977181455
8840,1028.838570630298
3324,277.7743809578988
4245,525.5038798245143
3081,317.5998842397761
12749,233.59523618466133
10733,222.05307893072163
1502,423.17007752927077
11975,1249.5132668094511
3425,338.25239510336195
6785,474.04152645474693
3496,454.17497106179513
4090,809.0949047936675
10411,850.7292316067187
13725,310.7716493563095
13359,258.3686963098689
7975,372.74468455085093
6348,1025.1641125896533
8367,380.7752191175346
11593,854.8866588243123
7175,375.90044109217695
6320,442.9132470793592
9239,613.4227711068537
11941,1011.9692634016275
10877,506.1062153337731
8427,546.5111731005336
8162,394.6025999374132
11335,466.47185388977334
10157,569.3720371174446
11213,198.99354039833636
12740,164.16332675927296
6183,395.29006932918065
8611,315.2777314388045
3039,599.0491978645196
8243,2167.79256353463
8397,352.30250230169287
4476,755.1016865077312
5398,437.7183609135365
1473,338.27663453767383
13569,560.3111222794356
10412,569.960360694033
9318,362.7239394564797
5713,394.70094982428924
3370,403.7891581043875
850,484.5647585907458
4864,1201.4702654165071
3388,982.3266781371176
6979,435.0288512648724
8984,591.5090771777055
10167,642.3545570950763
2211,499.0970978323358
3563,222.73257963633523
579,787.8403565649271
11203,897.3695897392884
1512,377.1404357547658
6648,766.659814514049
12647,284.40510072344813
3376,899.9345333754972
11677,504.18451226022063
11116,223.1636033818653
415,839.4240862646612
7302,387.3657924735327
11784,1457.2638634254915
6179,217.25277726614647
5016,268.4214841190465
427,492.2227355216924
11294,670.1511484037065
622,237.85397837286337
2095,239.83699928247125
11039,235.51784624285443
8956,976.5678191522532
6818,451.7822225265644
2381,1282.9048857059374
7542,370.0139260258152
2341,468.96889103262924
4534,671.5183385852736
266,288.50426715098973
6102,310.23052780543895
9951,873.0168803016338
8833,539.9338915783836
10978,261.526517132189
11728,270.5732744639935
5332,232.2644097925586
5814,481.30175415793667
14031,603.9680122360738
6700,564.996618462175
5618,393.8123469661673
10150,697.4186654526063
8024,570.1617060715587
12440,245.20341313143615
2089,316.88153897625034
13605,321.9347552227885
2143,772.5674183290112
4631,637.4763219101807
10400,351.07596572713555
4478,463.92713690535186
1083,600.629532695383
1672,691.6898901930743
3422,115.57223498646113
3746,938.1875455834527
12527,577.9700146969218
3843,401.6351648080605
12956,320.2289280859989
10844,216.40851872015537
1504,489.16103817843964
9675,226.947454189231
1972,218.76968170872308
5181,337.8764398277974
2609,345.7752677260264
8210,154.3706193302354
12590,538.6188954771557
8325,280.4515049583866
317,509.77177564355674
3747,776.4388286464147
695,927.9507656961338
13566,291.40109084568877
11987,355.64586469709616
6852,476.26769976915904
3586,488.87267280914455
6663,415.31506786026887
11978,914.070204494631
2967,648.5826304497862
4644,1276.7768154829741
12021,330.11800175431176
11559,203.90169294356613
7279,287.8117942898843
3095,462.08441947996243
2883,307.02978324405876
12885,339.14836775512845
3269,254.51859777049512
5350,1226.0568337214147
12167,1313.3196197475238
10539,1090.6273667010973
13799,307.65411841001196
3245,247.86570356559628
11399,749.9257919985648
7040,784.89183797864
3101,574.6162049149144
7683,354.746551556728
9016,407.5379938217122
11748,352.87522080756287
11259,539.0470487957194
1464,540.0629605999345
3838,894.8617408529922
8577,940.0881744810264
377,412.9816734819051
9718,535.9840736718522
10718,428.7310699144362
2217,366.2328207034777
6730,815.6574846136382
12281,343.9058552542838
13399,307.283928172481
8226,226.37017930139845
11867,1127.1912069575021
9607,597.5119570452267
3820,776.3399079053303
12874,344.8242831000938
10372,574.3219612209458
5532,246.02697988837815
12637,555.7953835150653
4140,350.870885572529
3232,496.09756867632774
2393,343.09505904428954
9388,142.74272696093885
10939,397.15381460066624
2485,335.35672497251056
8388,252.324992726395
12907,510.76274860052797
8218,423.90321599255117
8048,523.3823033579666
2047,562.8058331819449
5894,445.8591598556652
1255,358.1932313544331
953,562.3363969212062
8912,451.3738147443685
11087,861.5052547098605
12682,273.42238902680657
5091,256.4537037027233
3167,342.7038291300812
2933,600.0123830635476
7803,357.5768522114693
3410,320.7906616740798
9576,307.15540093822494
1719,472.0879201860789
10796,374.64160375827356
10022,308.1079932421319
8296,810.7781334062604
13307,1358.8855124578013
12532,510.10629509460074
10892,384.65026695215874
11284,471.0314949152095
6744,370.696882219581
6596,353.1938747720588
5376,297.58600420096957
6014,372.6897688027719
13817,243.74666357505268
2565,273.573114686775
10621,459.2739044815847
7417,598.6619300419371
10896,373.22555707130755
1537,448.9854330872858
1057,1581.4259886490413
1147,358.3819268933958
10763,1377.1291440220068
1938,691.255105420695
6178,427.81304262420105
1032,272.563046461209
9439,229.6279462271662
8381,187.54717531800884
9940,1074.05968229313
10861,140.49646164009573
11992,256.7531414017923
6546,705.1503044576331
7862,692.215813061931
7339,734.9057644107893
2544,435.1039537184766
97,1118.7921280920084
12712,233.42839610366684
13597,275.0896097440899
2475,413.7850403727797
2685,793.0046686801576
2523,266.4834150180672
2628,665.391039167382
